Time,Ulcer,ATR,BBhPrice,BBlPrice,BBWidth,EMA5Price,EMA10Price,EMA20Price,MACDHist,DIplus,DIminus,VI,TRIX,CCI,DPO,STC,RSI,SRSI,TSI,UO,SO,WR,AO,ROC,CandleBodyWidth,CandleTopWick,CandleBottomWick,Day %,Day High %,Week %,Month %,Label
10:35,0.058154809904781515,0.050524208364840076,0.005189885615991716,0.19915530140611368,0.19376743857275225,0.0443569732152656,0.06725804303747432,0.08498440839536624,0.010312003261543912,45.510651969352274,29.66733797973946,0.39999999999998104,0.008647836375615912,170.9661102681351,-0.03299999999998704,88.52706829646701,65.05065806712734,1.0,35.88406197081951,75.25798704606426,100.0,-0.0,0.09490196078431268,0.18871607991151199,0.03248651809499797,0.0,0.0,0.22132534826194727,-0.30434501068445174,-0.2978888744981088,-1.886311496303836,-1
11:37,0.043076512054092186,0.04157661242660056,-0.06199216001659629,0.11806845387186196,0.180010142380253,-0.005747198354085208,0.002497215494776481,0.026253304299812867,-0.005897348962744076,57.45351050398004,31.375941467549662,0.19298245614032716,0.003970120861060251,42.328042328063304,-0.08700000000001751,1.9332961661784545,58.75704648334097,0.3539155756719188,23.07082286478013,48.23510388875264,69.99999999999716,-30.000000000002842,0.052450980392194424,0.0780589344955471,-0.006499415052657823,0.0,0.01950331556364656,0.14972008853013263,-0.37557469403614097,-0.3691231705737555,-1.9564109100178393,-1
12:32,0.08676471941844266,0.040279124512181644,-0.3042442502739416,-0.05833482868602369,0.24635603931707697,-0.07816370146103568,-0.12493422846165789,-0.15659263942165194,-0.026666915736412347,18.259467394783886,61.430535248264874,-0.8461538461537242,-0.017551339378747942,-298.8133764832195,0.05099999999998772,0.2801622978787683,16.57636879423906,0.0,-68.00917396258905,18.916797488232586,5.555555555558187,-94.44444444444181,-0.18647058823529505,-0.22102320743678308,-0.019541427826993966,0.0,0.01303186290480891,-0.08462439786485838,-0.6086900213689035,-0.6022535940940152,-2.1858271730818117,-1
13:34,0.047337802640127366,0.03218445528383838,-0.06327474504235196,0.013183072799035547,0.07647697213850012,-0.005078117630530505,-0.011248311630599053,-0.018153989761087015,-0.0005889620364925609,29.829846599476852,29.4445492192085,0.13157894736835807,-0.0028444439570104395,-71.70542635651434,0.03150000000002251,77.69166845546755,43.86120373047861,0.06054424260907884,-19.08170715025486,30.445037483246725,9.999999999991473,-90.00000000000853,-0.02147058823527459,-0.019528707199584126,-0.019528707199584126,0.0065095690665218755,0.0,-0.019528707199584126,-0.5439357637764705,-0.5374951431161664,-2.1221004333418203,0
14:30,0.02707125483103106,0.13974290018791882,-0.08674779076361766,0.6420183003967129,0.7267483814396455,0.061809260967248425,0.12321969113217048,0.21849285026448792,-0.0005328559677970079,42.579067025587435,19.202581410787754,0.7999999999999837,0.025490020076713523,107.94669519098943,-0.10400000000001342,56.06522822290312,69.66088441058764,1.0,42.230160474817374,75.87144311406097,96.92307692307537,-3.0769230769246243,0.27588235294118135,0.3896103896103859,0.07120201954818126,0.012936610608027319,0.0,0.6379377685197173,0.0,0.11656521176013912,-1.4784603619678776,-1
15:29,0.08236268580795061,0.056426778201282404,-0.03640144425549801,0.05196662793980358,0.08836119540411644,0.0015755363248336775,0.0028432291077953387,0.00137563406573262,0.0007989546354972338,34.0739856883419,26.55178421920149,0.04000000000003945,0.0011506289472688366,30.443159922881055,-0.027999999999991587,22.265625,50.125653922562236,0.6097296640516827,-0.16250145935799915,51.004448057082755,50.00000000000888,-49.99999999999112,0.014607843137270038,0.025881591717885497,0.0,0.006468723720804001,0.0,0.6314281994531955,-0.11630160883892667,0.11008936666235976,-1.484833035941871,-1
10:38,0.1863078414380188,0.06135110239872824,-0.21245464862039665,0.10424153012477506,0.31686762491438314,-0.0019073062465691302,-0.010139535410111828,-0.016528529904126604,0.0010903077913865487,40.346781089044335,37.901157711401446,-0.07954545454528317,-0.0031853689569129222,-54.59538039088415,-0.10300000000000864,25.934568785783775,48.52073745168436,0.2700258504650893,-7.689941250286416,49.90088858509859,31.428571428575836,-68.57142857142416,-0.06441176470585219,-0.10473260456895764,0.006553079947588025,0.0,0.0,-0.553890264564052,-0.553890264564052,-2.1730769230769145,-3.478590854468408,1
12:38,0.030918655874231624,0.031203217277366496,-0.060329375164525634,0.040165407267271365,0.10050491532122725,-0.009002558927180503,-0.011359148846638153,0.003815601627738848,-0.006366290758272445,53.946717330958705,25.494392862599625,0.0,-0.001196809655845004,-37.21881390591327,0.014499999999998181,1.5400515484659263,54.905883542839334,0.0,7.156792434336769,46.25850340135912,0.0,-100.0,-0.012843137254918702,-0.0391134289439389,0.0,0.0,0.0,-0.07819627264434025,-0.07819627264434025,-1.7051282051282028,-3.016886977420789,-1
14:37,0.19030938847880438,0.04598537933557142,-0.2232757838553986,0.08886972706607617,0.31235542322523707,0.011948755330654605,-0.00999005918955652,-0.05856935892890589,0.006372876446053263,18.929643490736456,53.72047084850449,-0.548387096774124,-0.010365283396226561,-74.58803122287873,-0.03300000000001546,77.9296875,36.526145892212604,1.0,-35.38104753838927,33.10950186526729,28.00000000000864,-71.99999999999136,-0.1074509803921444,-0.06548359635910832,0.0,0.0,0.0,-0.553890264564052,-0.553890264564052,-2.1730769230769145,-3.478590854468408,0
15:30,0.12367595410006728,0.05928204566806351,-0.030353743718113547,0.26657418145177175,0.2965776366740995,0.045395931944983,0.06529907240707504,0.07647736868472499,0.00559228143785883,48.16522013040712,39.894501902107876,0.478723404255353,0.008205594306808589,119.81513575967489,-0.13050000000001205,60.36611676244966,58.604969259449,1.0,19.53609058295269,59.48015406832794,100.0,-0.0,0.1062745098039386,0.2367175170962554,0.013121637580376745,0.0,0.006561249261853491,-0.6646683174768736,-0.6646683174768736,-2.2820512820512837,-3.5861109354247143,1
10:30,0.19511156444104427,0.08739910901695953,-0.2819188832736572,-0.011072617723032679,0.2712436259361186,-0.06954128989446956,-0.10081715550974135,-0.13248478439755212,-0.013922306481875181,23.234693412333048,41.68928971759513,-0.57377049180327,-0.0105793544095835,-186.06965174129263,0.09600000000000364,21.93516473849609,33.64918799901153,0.0,-30.184482691432237,45.27483965423119,11.111111111111695,-88.8888888888883,-0.11254901960785446,-0.17021276595744084,-0.052434947892760105,0.0,0.03936233024995229,0.3421727972626244,-0.3268187463232891,-0.08517887563883858,-3.749289907214541,-1
11:30,0.04964950888476006,0.07258716714718762,-0.1675729589543113,0.20445800629950683,0.3719623660064142,-0.040113652764938605,-0.037004482986482304,-0.016037354727823888,-0.018737502187693385,28.60334708534881,33.39708624698554,0.16091954022980848,0.0039184362999071035,16.628873771734895,0.05750000000000455,0.0,48.48414600624303,0.29546543182107976,9.342503186477483,49.659719012675275,44.11764705882476,-55.88235294117524,0.04549019607841842,0.019742037378258182,0.0,0.0,0.0,0.013160492202415101,-0.6536374926465782,-0.41278993578822926,-4.064886700751118,-1
12:31,0.12600136243130297,0.08966610663686966,-0.125682015992576,0.09755240815529888,0.22326582604852593,-0.0007475299252654399,-0.003674204514806047,0.006450364039268824,-0.004852310491105757,38.37211847995346,39.907140600698696,-0.0172413793103533,-0.0008619229168334982,33.412887828129655,0.09850000000000136,24.238063804443154,51.93535857353276,0.21765240445713077,-3.0924171919583143,52.051166702524895,50.0,-50.0,-0.014019607843124504,-0.07914523149980512,0.0,0.11221122112210395,0.0,-0.30927156675659595,-0.9739198640434075,-0.733848774734638,-4.374171558416971,-1
13:36,0.10589952574366869,0.06747513412684232,-0.09424132074712087,0.1533808701098449,0.24754899117804843,0.01872750198239396,0.019071991095399286,0.03003966023222175,-0.0008948870226032747,41.84781360995496,39.19981407466862,-0.06930693069303506,-0.001668520897270734,24.256651017244465,0.08449999999999136,73.98451061474901,54.17650308592373,0.3636225466370412,4.314672564141098,56.94080852442086,52.77777777777515,-47.22222222222485,0.006764705882346789,0.006608948516285047,0.026441036488625096,0.0,0.006610696106293981,-0.42771599657827575,-1.0915746127197958,-0.8517887563884231,-4.487786404090143,1
14:29,0.007242023725278747,0.052197948239808764,-0.027167220231477544,0.4415135903573013,0.46771183707898606,0.05054180955298132,0.10249725966552338,0.17451071417482855,0.007926611716691456,66.43501237858396,15.799256933472893,0.7571428571428612,0.020734946513673302,141.75344306348237,-0.025999999999982037,79.6886272244051,82.51230497904419,0.987467589384066,72.67678447829387,71.89264746995117,100.0,-0.0,0.21323529411765207,0.2237725417928152,0.0,0.0,0.0,0.2039876291373312,-0.46408261977907567,-0.22277552090158784,-3.8818405604999087,-1
15:30,0.22678894175345757,0.08941384828312467,-0.37076423540025694,0.012694363838008236,0.3841463554189951,-0.07225102020424753,-0.10871668543267082,-0.17403833326428328,-0.0064875616672953745,24.65881848037689,46.25714387692806,-0.6944444444444284,-0.01186824702178523,-146.6630046690531,0.15750000000002728,23.486328125,27.836420212036387,0.0,-39.41599322835131,35.680782985125454,0.0,-100.0,-0.11676470588236043,-0.249999999999997,-0.019782393669634777,0.0,0.0,-0.23030861354214274,-0.8954833649258152,-0.6552221202987812,-4.298428327968189,1
09:58,0.09144519179694206,0.25350530859911174,-0.2355473836834711,0.6580325783738448,0.8916963195913797,0.009919851540604431,0.060885846932450256,0.3177395446412672,-0.043421270807679935,64.6495914510097,16.95950648491223,0.578947368421063,0.020738032530718736,68.23705365488954,-0.06299999999998818,6.3052692250465805,72.43789882314283,0.14262274535851277,59.43472227850973,65.7438277472235,78.7234042553203,-21.276595744679693,0.22274509803924047,0.35697758974019433,0.06591523301034494,0.0,0.0,3.560952315983354,-0.13157029142818805,-2.058064516129031,-2.297592997811812,-1
10:29,0.05520456920788359,0.10933415846390984,-0.01925379922761053,0.2852879055711573,0.3041371505235408,0.06836642530052339,0.09055906286982532,0.11157940471090691,0.012059762157000675,42.93094248162045,33.57752231104455,0.3793103448275308,0.0063039731379418325,146.84860298898695,0.011500000000012278,72.07164811364424,60.29093679055652,1.0,14.116860900851997,58.12069516535919,88.37209302325336,-11.627906976746646,0.06411764705882206,0.10540878845773542,0.07903576368305086,0.032905561039823214,0.0,3.656456784228109,-0.03947108742846015,-1.967741935483878,-2.207491311623122,-1
11:32,0.08718497343245167,0.09413667512422008,-0.16769770393406813,0.16428216529504716,0.3319855387762918,-0.055324130567052036,-0.049307157955154855,-0.02223782527599618,-0.017718880159354404,32.81031366123279,32.23948155381853,0.26666666666669325,0.005945828689924044,23.64066193853028,-0.09300000000001774,3.125,49.15521198287067,0.13892908110562843,11.319407204692826,48.6987645299643,32.558139534880034,-67.44186046511997,0.09980392156859352,0.08601865943227385,-0.0792707094728528,0.0,0.0,3.185756190736058,-0.4933885928557332,-2.4129032258064576,-2.6515639078388498,1
12:30,0.20125305011954173,0.061351238714117705,-0.26968702863651467,0.042634992539361774,0.3126769909130141,-0.027739052422809444,-0.05549320428412496,-0.10230280320076769,-0.001182629257737433,24.301364898180488,43.9646206034779,-0.3333333333332883,-0.010632495216687514,-123.37662337662313,-0.0519999999999925,19.53125,32.76993853594868,0.3332085929690679,-33.16343841380629,41.90629924285455,16.129032258058896,-83.8709677419411,-0.12441176470588289,-0.09262322196494527,0.01324591032517505,0.0,0.019872813990461802,3.015212497441836,-0.6578514571409776,-2.5741935483871026,-2.8124597760329544,-1
13:29,0.2271848898724183,0.06400235650723059,-0.2394563137156631,0.163158940787541,0.40276890555015715,-0.0014135828241354997,-0.005620417757587859,-0.02907880027934708,0.004971147094287726,22.323804520397402,35.95388251158782,-0.19801980198018287,-0.0004383030913171442,-31.616982836496984,-0.15800000000001546,75.79174246759007,43.59676177054592,0.9129342664637884,-12.146271466059478,31.969817630018575,62.96296296296257,-37.03703703703743,-0.020686274509785108,0.05988422383392336,-0.013297872340432336,0.0,0.0,2.5854423903404,-1.0722978751397905,-2.9806451612903255,-3.2179173638820955,-1
14:30,0.10279899146843771,0.15053491926507684,-0.03639358054043828,0.36770998889962697,0.40343524585675145,0.060581703266602234,0.10359234218684425,0.14259210671829625,0.01875589809981274,34.51045779402747,23.066173282133036,0.12213740458014155,0.016334505035138315,116.20067420187551,0.06750000000002387,98.21317127807015,59.22080626203433,0.7824952461184539,16.400231263400954,57.15064167461346,72.72727272727474,-27.27272727272526,0.06754901960783855,0.16692261467583627,0.04001066951187135,0.0,0.0600520451057606,2.3398594719967303,-1.3091243997105328,-3.2129032258064454,-3.4496074140815973,1
15:29,0.18735380993794734,0.11759889833196399,-0.17608163785960879,0.17869682250953028,0.3547738213738798,0.023849126914544532,0.03368094200432086,0.023975545968579495,0.02091608227974591,41.22688217574094,24.168494283655328,-0.32121212121213794,0.0028211066372998118,6.517397245857108,-0.07849999999999113,94.09028758939355,51.90093600347471,0.6956338998444755,3.0966710299258744,46.563001726421476,49.056603773583085,-50.943396226416915,0.038921568627472425,-0.03308628904182859,-0.013237143424455776,0.006618571712218482,0.0,3.056142983832451,-0.6183803697125174,-2.5354838709677465,-2.773844767666368,-1
10:30,0.2636287602601662,0.0930236730135813,-0.559600450225485,-0.021319013844458362,0.5398494817390781,-0.09482637009017458,-0.16692064924668143,-0.2653859623545591,-0.012846874288744786,16.469673508581266,58.766345916426964,-0.2519685039370566,-0.029361099588742133,-160.48920504181734,0.14249999999998408,54.88187054528093,21.65717019404697,0.0594126901200217,-55.90874313658906,24.608232863082495,0.0,-100.0,-0.29735294117645594,-0.37903976592631544,-0.020021356113188157,0.0,0.0,-0.847177179164737,-1.0632677321357717,-2.4102664321542497,-4.743434857251865,1
11:29,0.04603366037987415,0.06477832972551976,-0.06483178797352766,0.12106882163215382,0.18584835180560202,-0.01781766690220277,-0.006589450214658821,0.0012709098398449503,-0.00392595626314865,26.223925889035815,40.46682404633209,0.06329113924066754,0.0076275480579996975,78.79537953798459,-0.09800000000001319,24.9267578125,49.47712680647938,0.5756894036584042,16.05327992449333,56.909752072644245,59.25925925926199,-40.74074074073801,0.09215686274507107,0.04672897196261226,-0.0066720042700766655,0.03336002135042125,0.0,-0.8074657488913884,-1.0236428477083497,-2.371181030551747,-4.705283906657344,1
12:34,0.03951788129063675,0.054602714192005505,-0.1765040845072115,0.3205744190630267,0.49672068999029967,-0.024484209145704792,-0.00839023310400314,0.04873494510688273,-0.019702899159823067,50.63554881149279,29.085099246724084,0.4303797468354361,0.008396771056493543,46.57428791378381,0.1074999999999875,11.503051048570978,61.7679690408851,0.0,28.574055302059488,49.30062392968113,65.11627906976668,-34.88372093023332,0.09990196078430813,0.11298684035623255,-0.026548085219348275,0.0,0.0,-0.3044542987623323,-0.5217276449610303,-1.8760992769200675,-4.222038532460109,-1
13:31,0.17418273108832905,0.07338319296885884,-0.3000921277115805,-0.03629567334565019,0.26424089142801466,-0.08139071014546655,-0.12731418843137568,-0.1845114739177576,-0.020859904999652484,17.315668653669643,59.663533717643425,-0.38095238095238215,-0.01579053614820599,-227.0578647107025,0.13800000000000523,2.8436997580175585,27.00425706419385,0.0,-40.42735475273086,30.606516290731914,0.0,-100.0,-0.13039215686276862,-0.24035251702497906,-0.053511705685627096,0.0,0.0,-1.1053014759415023,-1.3208294809140142,-2.6643215425705193,-4.991416036116247,1
14:31,0.2222801094324307,0.09261881935745862,-0.4072567039524025,0.038914412647672945,0.44699435121771447,-0.03450293949845452,-0.08997203668977027,-0.15637548477484983,-0.009950295801873274,19.09869860486578,47.48794025713404,-0.30075187969921535,-0.0252453235294732,-127.55356253111535,0.16399999999998727,50.3662109375,33.40076001632785,0.03423445181491224,-40.49196906424782,28.909636729186285,3.846153846155738,-96.15384615384426,-0.22137254901960546,-0.20737173055054,-0.04020369874028563,0.0,0.0,-1.2641471970348777,-1.479329018623683,-2.820663148980512,-5.144019838494311,-1
15:32,0.08037480633713161,0.10901057832489003,-0.19658263264194947,0.13330321603259393,0.32999025662917475,-0.0835861121473877,-0.07664512787978908,-0.05722867567208517,-0.018895514706939905,32.24960287956593,33.934055155926195,-0.19230769230773226,0.009190500291033323,-17.35332988563965,-0.04750000000001364,24.85613445607217,45.69671961426032,0.21220776786547607,7.402466582756338,50.389252960484676,24.390243902443082,-75.60975609755691,0.0745098039215577,0.026888948642121855,-0.047020890710010865,0.0,0.0,-1.5156529220994057,-1.7302866199973428,-3.068204025796352,-5.385642525592928,-1
10:29,0.29902308318356713,0.1553855405433436,-0.41439004778844946,0.15905944771938044,0.5741825273541225,0.0010904531104347693,-0.04857060154096267,-0.07698805877473332,-0.011347167056070376,26.013090255791866,31.41532674818978,-0.2525252525252396,-0.027946630892824273,-77.69230769229858,0.21249999999997726,50.35400390625,44.97517889683366,0.1777684868171207,-23.95664946402112,38.79823075475342,20.000000000000757,-79.99999999999925,-0.26294117647057647,-0.17124460579491746,-0.013721185510415622,0.006860592755227311,0.06179196704428658,4.248927038626608,-0.4100041000409965,-5.049188872239233,-7.759493670886069,1
11:30,0.23013678137105326,0.11669431244599562,-0.4195584483933032,0.058858210670230525,0.47928104299425467,-0.02308651831064372,-0.07586349618320232,-0.11306191489159755,-0.01194550740791761,21.95244374360809,29.065235395377858,-0.6666666666666141,-0.025794843109241527,-145.29274783765476,0.2154999999999916,50.013203155712674,40.399271972891604,0.0828469389175714,-38.18083857857522,22.995181807397653,12.727272727271881,-87.27272727272812,-0.2732352941176259,-0.19150536898980994,0.047991224461808014,0.0,0.0,4.384835479256076,-0.355069989757584,-4.925402306339176,-7.639240506329109,-1
12:29,0.2721328136169595,0.08825136278311677,-0.15345698483410822,0.211162872522291,0.364514684139281,0.052381365304103145,0.05531035404836626,0.001651329159476333,0.024765617155726102,22.21265353505795,38.158999077355894,0.11206896551725964,0.0004031638204674635,10.456273764262964,0.08150000000000546,98.13835096794584,45.49826471732739,1.0,-7.611331674073975,51.83964130702136,76.47058823529903,-23.529411764700964,0.03705882352940648,0.0,0.041239947762734395,0.0,0.0,4.113018597997138,-0.6145442130419784,-5.17297543813929,-7.879746835443031,-1
13:29,0.16651098566110778,0.08741282243691069,-0.3728622983380083,-0.014537259285540996,0.3590204608911024,-0.06960937215606651,-0.11475085956963206,-0.1412848815068449,-0.018282667732534952,24.28539816909922,50.62645727693676,-0.5648148148147385,-0.01827567570968578,-188.97722970414873,0.16749999999998977,27.019718901964016,36.56298785884022,0.0,-35.05413015461189,30.731686614040296,6.122448979591955,-93.87755102040805,-0.17431372549020807,-0.23342029383496046,-0.0137608366588759,0.0,0.02064835845550357,3.9484978540772397,-0.7715944008193892,-5.322822333702532,-8.025316455696206,1
14:29,0.03512253085352934,0.12490052413459356,-0.10547519488849795,0.4861732214681561,0.590524359065936,0.03046045973097619,0.07671226983657979,0.1614258048556029,-0.002201354901940053,31.442082772345486,17.622377143748004,0.2714285714285579,0.018269192066678864,92.24284672124699,-0.12300000000001887,54.1920128825252,66.71771054839573,1.0,37.74778178316892,60.96910192648716,98.18181818181978,-1.818181818180221,0.1888235294117635,0.31504691459489625,0.0,0.006827336655964297,0.01365653806760685,4.771101573676672,0.0,-4.573587855886383,-7.29746835443038,1
15:29,0.13025771295660166,0.10797487751103048,-0.35857551312323943,-0.07887091676048705,0.28031771628386004,-0.11463064992854591,-0.16000781360476893,-0.18180610132295438,-0.030025216269400717,15.435061550373447,35.84286560975495,-0.4840764331209886,-0.01468050479504456,-332.97758804694655,-0.043000000000006366,5.948945726534623,31.629706494448186,0.0,-34.73369156634928,28.064628589554196,8.6956521739117,-91.3043478260883,-0.1284313725490165,-0.2304147465437811,-0.013583265417013197,0.04754142895951723,0.027177605652936566,5.307582260371951,-0.31823413907508896,-4.0849566747019415,-6.822784810126584,1
10:31,0.039670753987124725,0.11553833068431175,-0.11888475418922871,0.4912075691185217,0.6089586772632789,0.014563455766372977,0.06656389643482352,0.17768236621544756,-0.008694776597437504,51.131288658569765,16.4127514676599,0.3952095808382903,0.022442698307200287,104.37006043700956,0.05850000000000932,21.26788538957552,71.52462503081779,0.6505895013637177,46.13237562955792,68.44391120905696,86.56716417910371,-13.432835820896281,0.28196078431372484,0.17956903431762555,0.0,0.03319391887406982,0.0,3.0653438248374885,-0.03981684252438933,-1.9463611508918166,-4.374047739969536,1
11:29,0.06412219831664995,0.0776926520035213,-0.12348986317813546,0.1720561941611515,0.2954743068243759,-0.006225777971067373,-0.003354722499459211,0.050840031524854765,-0.018063430259890698,40.02864931618541,23.309507740250265,0.148936170212829,0.0005802157163318087,33.85416666665786,-0.09350000000000591,1.3671875,60.3454870874184,0.14871238619490296,15.26819063514901,38.95025062287004,46.42857142856962,-53.57142857143038,-0.011078431372538944,0.06595870984763164,-0.013181308903962179,0.0,0.0,3.804310639753679,-0.09877518767286031,-1.2433276917068068,-3.6884205180294583,-1
12:32,0.023618864595772688,0.0516324712123055,-0.03922800579409568,0.33160149742655337,0.3702881909641368,0.021541716388947252,0.061998860132994965,0.11072131655272151,0.004548076467748588,51.76509629266166,27.409837805213506,0.38750000000006846,0.018193801604527934,128.64981383499548,0.001999999999981128,49.853515625,68.97540994539617,0.896235393238899,50.41915496751612,80.41344230935998,94.28571428571126,-5.714285714288731,0.1903921568627709,0.17085030884478308,0.006560388374985833,0.0,0.0,4.303797468354425,-0.013118194936383465,-0.7681291498502842,-3.2249873031996015,1
13:29,0.04446388694035676,0.07458971830018526,-0.06003463069499379,0.3206143165484203,0.3801536456556093,0.022191922833160564,0.05326081467841822,0.09179921990168756,0.0017531516969647443,40.831015003947805,28.955063333316065,0.5818181818182498,0.013895974626310014,109.51008645534974,-0.012000000000000455,21.889464363110598,61.9750038043079,0.6896809484838399,30.747905641680013,65.47255795522267,84.09090909091056,-15.909090909089441,0.1558823529411768,0.20357236669293557,0.019664394336655178,0.0,0.0,4.406431748203898,-0.045853530721861116,-0.6704856138523637,-3.129761300152366,1
14:32,0.07225320984858316,0.06965539291523168,-0.18662474480275534,0.0479894245541422,0.23477691121826622,-0.07383049478335917,-0.08620098133938307,-0.07728340835635536,-0.022612614415389403,28.508537549633463,45.81852975782487,0.09302325581386439,-0.0017715338801907474,-63.46531873071896,0.034000000000020236,4.985721808165911,41.636971768172906,0.0,-4.172525123238895,35.237073849747496,10.714285714286078,-89.28571428571392,0.021666666666675383,-0.03277399056109817,-0.0655265054714781,0.0,0.0,4.3516934656175055,-0.28767571101667067,-0.7225621663845943,-3.1805485017775643,-1
15:29,0.0733988462699946,0.08223800720450834,-0.16396650769190985,0.18623696094193087,0.3501644770257636,-0.031801966351063575,-0.031141312082745315,8.08179372944032e-05,-0.0193362700291849,42.2823747572867,34.52355881779642,-0.1367521367520801,0.0016710856971359686,17.24137931034511,-0.04349999999996612,3.034643723592984,51.76581972129129,0.0,4.535656640610586,35.586070221042846,33.33333333332807,-66.66666666667193,0.0611764705882365,0.07880738162472983,-0.032799790081350935,0.0,0.0,4.269586041737927,-0.36613272311212963,-0.8006769951829307,-3.256729304215353,-1
10:30,0.11263251822551927,0.0911737194521787,-0.045673405098889265,0.14870021033043726,0.1942735385192532,0.03461205392855582,0.04350928880720587,0.03834610728494784,0.007249397008770867,26.17148798954203,34.62444210792692,-0.06504065040646712,0.003697784340408755,85.25718914540214,-0.16249999999999432,53.731338725453746,52.68278606974671,1.0,5.682883023940046,47.0008780386597,73.5294117647113,-26.47058823528871,0.07617647058822286,0.059717337933782366,0.0,0.0,0.0,0.31264551320428313,-0.2579535683576866,-1.7333507102828074,-5.234713756048504,1
11:30,0.02293905155119429,0.0823879488363164,-0.06912915992431562,0.42861869175601797,0.4968547812168936,0.02118078454366798,0.0708013538628348,0.1475376282055687,0.0003308324965618503,49.24177171120849,9.830066741476745,0.579710144927452,0.021614222547314973,116.67012663483759,-0.07799999999997453,37.55470103453714,68.97627507273879,0.8164230108997299,41.76813010601119,62.77961985709533,88.13559322034021,-11.864406779659792,0.2472549019607868,0.19760242392307426,0.0,0.0,0.0,1.1907137630546076,-0.013145786775326549,-0.8731917111951019,-4.405203292905166,-1
12:30,0.27828370849778694,0.07686326961006891,-0.17125446068057604,0.06312245554526213,0.23450370300392553,-0.01665806393863209,-0.03414915890434084,-0.09702905098921705,0.006962067042996636,19.494506466094442,52.513388397077556,-0.2833333333333018,-0.0060724848724307435,-87.46803069053448,0.09800000000001319,97.265625,34.85023546708723,0.9265818757285973,-18.72981526288814,42.5719080254158,23.076923076922235,-76.92307692307776,-0.04039215686273678,-0.006613319224931767,0.0,0.0,0.0,0.5787268010377011,-0.6896551724138006,-1.4726964681350314,-4.9833469490353846,-1
13:31,0.31038588934976513,0.08618785043704734,-0.355509658589784,0.16540661834333867,0.5214118868576841,-0.02877431246486129,-0.03771871156858767,-0.0669814353318027,0.0058489994306273885,39.32883290325963,40.86410687156514,-0.3564356435643068,-0.0005726069355955096,-71.96850942278897,-0.09450000000001069,50.0,41.4221615628674,0.5494298304733319,-11.703852094439123,48.615320715743046,22.580645161297124,-77.41935483870287,-0.019705882352923254,-0.09937065253393658,0.02653223666756465,0.0,0.013267878466221182,0.31264551320428313,-0.9523809523809448,-1.7333507102828074,-5.234713756048504,1
14:30,0.14713553740016758,0.09855410874121968,-0.14927362603255653,0.09631650742017644,0.24565517940510045,-0.01316779016969586,-0.028329358432236534,-0.07550502495188169,0.0010405311860385014,17.421708716912313,46.305878367154676,-0.25547445255474965,-0.006492711324256561,-55.140186915917184,0.060000000000030695,80.35714285714286,38.199265144458764,0.7039839302579799,-18.807167915205973,45.97863796128437,26.666666666662877,-73.33333333333712,-0.07254901960786242,-0.013316465809980848,0.0399706881619971,0.0,0.006662225183224069,-0.10643251513338989,-1.3661740558292363,-2.143881141665594,-5.630616477094205,1
15:30,0.061287076631180784,0.0955788037382106,-0.26287573474975057,0.2529335226750705,0.5158349001246839,-0.08216878988729957,-0.0780495696016072,-0.03321674653127917,-0.029011075995379734,34.818349356880425,36.58838146309197,0.2941176470588728,0.005683841948007616,6.990784874487995,-0.06850000000000023,24.10920803882334,49.207335266601085,0.0,14.171715777169172,46.90209417100488,37.999999999999545,-62.000000000000455,0.12186274509804207,0.02653223666756465,-0.05302226935311777,0.0,0.0,0.31264551320428313,-0.9523809523809448,-1.7333507102828074,-5.234713756048504,1
10:29,0.21548725605249672,0.1134623538915378,-0.2236619509639485,0.09933665459794987,0.3231995149392992,0.018225975451666404,-0.0188584089236397,-0.07955996830126555,-0.002805961193169712,29.387354280387314,46.39734938208935,-0.1298701298700654,-0.01780105842194199,-103.62281749417731,0.11599999999998545,59.17604323118245,41.68389922546322,0.6747637301923439,-25.611223429506282,42.83469616802825,32.69230769231011,-67.30769230768989,-0.1944117647059045,-0.13934970139348343,0.09977384594918565,0.0,0.013304949441198931,-0.5287857756626235,-0.9478049101559913,-0.9738764229782126,-5.471105527638179,-1
11:30,0.151624664407209,0.09802714736361119,-0.2235107016333126,0.003388963753873475,0.22714966828589522,-0.05421915540417253,-0.07707126379132817,-0.09028717899991617,-0.012632456858507952,26.53698275272363,30.571243963153243,-0.25599999999999445,-0.00822788428367558,-124.9020120198436,-0.11549999999996885,14.726403831491126,41.522067998953894,0.0,-12.940530892414644,36.05729879150985,3.4482758620659237,-96.55172413793407,-0.0818627450980216,-0.0998801438274109,-0.08657432072455744,0.0,0.0,-0.8328375966686437,-1.2505759231224944,-1.2765677436336105,-5.760050251256274,-1
12:29,0.0757419897660882,0.08705658313399967,-0.15190949020551547,0.3395668983573362,0.49101567491826625,0.010968284011233542,0.029086942486818916,0.06632065226879079,-0.0022224293706370538,32.19360312956216,31.25290745296212,0.17829457364342216,0.00606454280124057,70.89689733953205,0.22900000000001342,56.62835600430583,59.840422699062906,0.30820762448746675,21.799559487326732,67.28952650115909,76.3157894736848,-23.684210526315198,0.0788235294118067,0.0,-0.013399437223624421,0.026798874447286923,0.006701065469422588,-1.35501355013549,-1.7705522279997352,-1.7964071856287358,-6.256281407035163,1
13:29,0.27481225116862207,0.07687482361232931,-0.5010580575582797,0.023619136256193555,0.5259326975133647,-0.054696455199193764,-0.12172567749334583,-0.21923613221121857,-0.00920748813815335,12.26402688727299,50.5189180173026,-0.7399999999999807,-0.027788075440059255,-154.37319344825082,0.11299999999997112,14.761893871254706,19.390900678073592,0.0,-61.49817219730422,22.582077681054734,0.0,-100.0,-0.26892156862751904,-0.321629589922285,-0.013442667025144664,0.0,0.0,-1.6722850155330828,-2.0864871980517448,-2.1122589984865483,-6.557788944723616,1
14:29,0.04243454946763379,0.09717440976702395,-0.11821202177123526,0.6338792518245798,0.7501571163842616,0.028443596031780878,0.09445112772278322,0.19453655578702114,-0.0023014876471293966,41.01567459673543,20.878200906133102,0.6809815950919762,0.029196748590551668,104.62109659881799,-0.15750000000002728,28.497128194701297,70.14361261872159,0.89769003002845,47.96767035273768,72.0028467201189,95.8333333333342,-4.166666666665803,0.3231372549019511,0.3219963775407649,-0.0066862797539388235,0.0066862797539388235,0.020064205457464644,-1.1501090620662175,-1.566510893174485,-1.5924195564914045,-6.061557788944709,1
15:29,0.27594071567831746,0.09015325760906011,-0.29768376476747643,0.08452551785892365,0.38261707254850874,-0.03405066112050122,-0.05376791687648632,-0.083804174981167,-0.0014627327206709756,32.151522945580986,29.96385341686946,-0.2792792792792964,-0.005436274523121456,-71.35193133047909,-0.08999999999997499,25.0,38.50697146204174,0.3479575464947493,-16.524153785770828,39.75723467249111,10.714285714286078,-89.28571428571392,-0.05117647058824559,-0.10694472294634383,-0.013380611493952118,0.05352244597578946,0.0,-1.216207284024062,-1.6323306786019995,-1.6582220175034614,-6.124371859296483,-1
10:29,0.19782738551076903,0.146663966031949,0.07324139373161488,0.5761260158239737,0.5012571218985162,0.146002385228828,0.2137116784559395,0.2511354762630815,0.04074661600796581,51.62893064962213,25.205106549840618,0.6612021857923599,0.022744940136376787,251.5608344754121,-0.06100000000000705,78.24229169621174,66.6121565229802,1.0,36.18838780125824,55.67652649085263,72.16494845360717,-27.83505154639284,0.24225490196079136,0.46452982945118365,0.05287158813031794,0.17834731488209937,0.0,0.6783267939083473,0.0,3.2744389112490504,-3.8854675893594086,1
11:29,0.08594157141125866,0.10141747734624615,-0.08009483149368415,0.11577020826149427,0.1958301081907175,-0.015020185234885748,0.0046192238679207,0.03955192105749636,0.006973737522551898,46.79657401997023,22.90111946515244,-0.13913043478255904,0.008525448586405181,72.78358497871,-0.07299999999997908,48.046875,56.649663290441744,0.21865991419251937,17.409125198179904,53.03061140939138,46.153846153849514,-53.846153846150486,0.09147058823529619,0.006570302233915458,-0.06565557087518503,0.006565557087512905,0.0,1.2236483341091997,-0.10500754741746839,3.833822225254113,-3.3648657228112397,1
12:30,0.08058160211873908,0.08929300445562703,-0.03141625944247597,0.1949987163623275,0.22622993955809476,0.06826324436593573,0.0839922766569001,0.08869161789105755,0.023048383696002962,33.20405827081822,31.948168105477137,0.1083333333333305,0.0010302551241843261,133.03099017386955,0.06450000000003797,87.59765625,58.66031741128615,0.9545141313399227,8.465931767421774,58.01820728291488,95.23809523809943,-4.761904761900572,0.04470588235292894,0.06558237145856685,0.013109596224442993,0.01310787783456666,0.013111315064907716,1.4697080534681173,-0.0524040351106931,4.086226891329565,-3.129960002539508,1
13:29,0.08693490801540406,0.05284751955304391,-0.07773916286809726,0.047054558011677745,0.12481287004776705,-0.0045342826443067535,-0.0053595294196076195,-0.011549483521276898,0.003243733564016001,31.28433475506629,31.976424486546982,-0.1081081081080385,-0.00025177106457351046,-21.03250478010519,-0.04349999999996612,90.625,47.75397802106821,0.6836138990452717,-1.4615803413916468,52.629249944684545,58.33333333332544,-41.66666666667456,0.0036274509803888577,-0.013090718680462254,-0.02617801047121758,0.0,0.0,1.589412781804872,-0.11769321302472002,4.209018350501389,-3.0156815440289506,1
14:29,0.1944022548436588,0.06992989281696836,-0.292676338668719,0.11091122258629614,0.4039546856066218,0.02200967758667443,-0.00827262036937748,-0.058276436814914345,0.00924312609448083,23.54629029393367,34.85073331013184,-0.3557692307692749,-0.016160806198839722,-77.27652464496182,0.08050000000000068,75.1936254780815,39.88044807701077,0.5621543072050834,-33.33197486088143,35.21437292865526,34.14634146341159,-65.85365853658841,-0.18529411764706083,-0.13736263736264256,0.01965408805031521,0.0,0.0,1.5295604176364852,-0.2417668583376925,4.147622620915468,-3.072820773284238,1
15:30,0.08143650711303532,0.0889538650898583,-0.010983219968702655,0.23095851264783807,0.24167591896150542,0.03313564162138584,0.06175703416388528,0.08664793899713635,0.011419893615207274,30.247214780375053,18.346990607770586,0.35114503816792386,0.011656193913820362,158.2005312085188,0.017499999999984084,96.94658966635205,61.156227702816885,0.9560213327502863,28.733614515305682,62.20579600013484,94.5945945945919,-5.405405405408104,0.12441176470591131,0.19032617969416027,0.006550933508018936,0.013101008777682582,0.026210602188580064,1.5229101549511153,-0.24830109775221867,4.140800873183705,-3.0791695765348197,0
10:30,0.12457814251787375,0.08136444197276124,-0.1704932599887445,0.0622483680946835,0.23286766175779097,-0.014068992094461495,-0.021883528271418748,-0.042905798850475386,0.005749664864523683,29.15523418787702,34.346057941160446,0.0340909090908772,-0.0038074139100269092,-78.7878787879075,0.13700000000000045,86.33346158773853,43.84415552152941,0.45264964194062296,-8.223008334656729,45.71913761809231,30.555555555552704,-69.4444444444473,-0.039117647058844796,-0.05883121976729208,0.0,0.0,0.0,-0.03269255917353954,-0.42334245147844585,1.191342908200399,-3.289265608197873,-1
11:30,0.07787870174473661,0.07089595009985486,-0.11241834730705173,0.35442778608770054,0.466281910277653,0.0009907293957289994,0.030585513274701347,0.06998671524183801,-0.005533738953843376,38.15570308298587,28.102496628436775,0.7888888888889807,0.01495418671351818,86.09865470853548,-0.11699999999999022,12.5,60.65548981253258,0.7660715195670519,37.66548770070329,64.65873539044334,81.81818181817889,-18.181818181821118,0.18745098039218533,0.2306425041186124,-0.006574189731128346,0.013148379462219322,0.0065750542441915345,-0.5492349941153416,-0.9378663540445472,0.6684757429346687,-3.788980960212543,1
12:33,0.132888498795897,0.12342415588146756,0.11330193777701345,0.5364943674213584,0.4218219379606527,0.2485723420269688,0.3069525623895003,0.3372502945623316,0.06274475613372305,58.06276480942264,20.492576464280027,0.42076502732236043,0.01125384407745249,311.35459466510133,0.05500000000000682,87.81941027442298,71.21192840944043,1.0,22.468898079242372,59.44172712322544,96.55172413793092,-3.448275862069078,0.11823529411762479,0.2685882738290184,0.2160675702219685,0.019600156801255153,0.006547930853844228,0.07846214201648002,-0.3126221180148429,1.3038586273082262,-3.1817319248529325,-1
13:32,0.06390968755918418,0.06652469981398976,-0.22674784080916288,-0.0008861473633162487,0.22611905535771096,-0.09781898911307264,-0.1155722730436775,-0.10363290354423896,-0.02674556884431578,35.2799040224967,48.812172330570434,-0.18181818181811427,-0.003564033565737597,-125.78616352203281,0.03550000000001319,6.9179504016738775,38.44026560474017,0.0,-11.81714536145059,32.13598570741046,0.0,-100.0,-0.025098039215663448,-0.14361250734382067,-0.07838526357045172,0.0,0.0,0.019615535504120006,-0.37123876514262943,1.2442914818982032,-3.2386615219178974,1
14:32,0.10279686294037547,0.05969924362736261,-0.1670839833087742,0.08259754141464588,0.24978704281581388,-0.025968454682053322,-0.033185628293289034,-0.0269560217084488,-0.007785162461185411,32.254736004129754,31.49492520011819,-0.15277777777773938,-0.002618323158668477,-44.7368421052479,0.06499999999999773,4.6875,47.47073671402536,0.0,-4.647467599242144,42.208713272539285,4.347826086964581,-95.65217391303543,-0.04274509803920523,-0.12383497360359623,-0.03913894324853377,0.0,0.0,0.19615535504120007,-0.19538882375926986,1.4229929181282717,-3.067872730723002,-1
15:29,0.04740482718003505,0.0969875623343827,-0.0038869419538724056,0.35920719470678336,0.3624502071645555,0.05505232046768587,0.10094182299992228,0.15027128924062091,0.014964167626363295,32.54068530908245,16.775449239447006,0.4927536231884121,0.017732862582376777,149.0767735665598,0.030499999999989313,98.7560553349221,68.90007387073312,1.0,38.056128730402264,74.96927559631807,100.0,-0.0,0.1868627450980398,0.11137316561845909,0.045829514207144935,0.0,0.006547502127950846,-0.0850006538511805,-0.4754461378142437,1.1383943345026135,-3.3398696944778297,-1
10:29,0.14741067313673062,0.09182979205208149,0.010696839198173907,0.20813810679493186,0.19722546847304911,0.05975584869514818,0.0723196575377467,0.05207344897454077,0.012796376757013827,29.763965108072572,38.99083214768906,0.11764705882346482,0.004278601378391281,149.3993993993947,0.04450000000002774,50.669036227157584,52.281727789698344,1.0,9.09087080344829,57.556700841253,100.0,-0.0,0.054117647058859575,0.14625714665602904,0.07307513452466964,0.0,0.0,-0.13921113689095654,-0.39672044432691267,7.753934191702413,-4.002039255671681,-1
11:31,0.0835158163115213,0.07208604348750998,-0.15868716827320425,0.13255443389589952,0.29127966183926557,-0.03409728392191934,-0.036799720631047465,-0.018165484999448044,-0.014915675828679094,31.97569284140024,34.68802277300529,0.05102040816319198,0.00044387728809780036,-16.56775469831996,2.842170943040401e-14,10.319778283382956,49.286078188465616,0.0,1.0658845307475895,39.25120023781416,20.833333333327907,-79.1666666666721,-0.019509803921550883,-0.11937922801433003,0.0,0.0,0.0,-0.16572754391779915,-0.4231684739487006,7.725321888412004,-4.027529951567674,1
12:30,0.09330612513643276,0.08127535329466407,-0.06134551855973566,0.1687252675869641,0.2299473277150022,0.004686432891158281,0.03299865228121034,0.09167278987911064,0.0025083251340430462,51.37683292837336,21.781798453875258,0.08108108108103618,0.011755324699574942,74.41574415741793,0.03100000000000591,46.875,64.65384324376508,0.26278472271784725,28.60356534624642,54.94200199771258,72.72727272727037,-27.27272727272962,0.08813725490193747,0.006608948516285047,-0.00660807506774554,0.0,0.0,0.31156778256546164,-0.0396353547364264,8.240343347639472,-3.5686974254397112,1
13:31,0.1705425013524028,0.055206662866879176,-0.15220525446163732,0.12491601694209896,0.2771590887047481,0.028185928742213446,0.022443705940922404,-0.002628158654384979,0.011403822555361626,38.618256306951835,40.049485808102574,-0.40425531914906543,-0.0035024954308948823,-33.19209039547905,-0.011000000000024102,98.6328125,47.839471757749465,1.0,-11.082743951643087,58.099446652640616,47.61904761904311,-52.38095238095689,-0.06127450980389426,0.05934326783595108,0.04614978902953137,0.0,0.0,0.5966191581040806,-0.17760820944613223,8.547925608011436,-3.2946724445577287,-1
14:30,0.06943953730130176,0.08409157085349868,-0.10915011713231197,0.45476917405815953,0.5629464660569797,0.030074385465957306,0.06415413624703813,0.12646799619021779,-0.009777611620133325,48.03357307408726,23.719415510109656,0.862903225806443,0.01506017895483094,85.17241379310813,-0.1495000000000175,3.125,64.94834187096558,0.6284458034179071,29.0498488143576,59.169777843221574,79.68749999999675,-20.31250000000326,0.17245098039217055,0.29088985852174915,0.01977978505966977,0.006591957811482747,0.032977179791572976,0.5634736493205134,-0.21049861860282962,8.51216022889841,-3.3265358144277335,-1
15:29,0.07055803499596167,0.10035795874541484,-0.057016532981647834,0.2881640938126608,0.34478214903047627,-0.0021455073109760297,0.045389013058125836,0.09480574760033394,0.012108173701389932,43.3725860304955,21.864206277190405,0.4285714285714157,0.02250044550205916,141.6328371673301,-0.08550000000002456,49.683578091709364,60.27001441208441,0.5409911841098242,36.493564786399766,59.41408167321891,64.81481481481657,-35.18518518518343,0.23705882352942353,0.13214403700034164,-0.07253066068837216,0.0,0.0,0.46403712296984895,-0.3091698460728844,8.40486409155937,-3.422125924037711,-1
10:29,0.15796163429155463,0.09556792717859061,-0.2837156305884321,0.03196430340447482,0.31607779901989014,-0.031976194683845646,-0.06788877461364758,-0.09585446020035786,-0.009460799219268859,28.877621271484028,31.16524476201518,-0.23622047244093358,-0.016267324937946078,-138.9073213890699,0.10949999999999704,2.102649364467764,40.772582723607115,0.05774703658173649,-23.861440829455024,36.706954009523066,9.09090909090733,-90.90909090909267,-0.1574509803921842,-0.19847833278201213,0.019891261105954874,0.0,0.006630860022538894,-0.44218585005280875,-0.49472295514511877,3.2158741019500434,-2.9029351184346157,1
11:29,0.14110887864438024,0.08743576949727817,-0.19714471036880676,0.04682564293335732,0.24415385820354368,-0.005210802179526486,-0.02651897274076198,-0.044720554165795484,-0.0019565613918068048,21.087142478357006,27.628538557368042,-0.19008264462809843,-0.010885660186794786,-105.51134689064897,0.166499999999985,76.03130907585631,44.32742355147784,0.16629305693161459,-22.434096202410288,46.43262043182066,22.222222222218715,-77.77777777778128,-0.12009803921566231,-0.12600305060017092,0.0,0.0,0.013281976358070003,-0.6071805702217633,-0.6596306068601583,3.044816968867594,-3.063851699279106,-1
12:29,0.2728940300967766,0.08999566065361989,-0.3120949617633893,0.26082991043337245,0.573071764963995,0.06674032739949158,0.05930940638208067,-0.002174080428111546,0.033409422045630854,28.643431120806795,37.581479010309174,-0.3410852713178223,-0.006712335664277185,-23.215821152200316,0.04050000000000864,96.875,45.938399532941396,1.0,-17.612237559797922,50.99416087788335,52.459016393442774,-47.540983606557226,-0.10705882352942808,-0.12043356081895278,0.06032575909913762,0.013397642015012213,0.0,-1.478352692713839,-1.5303430079155629,2.141635306192265,-3.9134912461380096,-1
13:29,0.22666905674922636,0.10842897217952653,-0.08725356010525226,0.2733094226376951,0.36022787020744895,-0.003172201268909763,0.02868770961315392,0.04735814696721907,0.005074686284312027,34.15660813285624,18.854526017119618,0.17647058823530082,0.018250150745442943,92.20075641418165,-0.1214999999999975,24.9755859375,54.001804590922625,0.7813131201172557,22.190906400351203,62.08341960467731,77.7777777777766,-22.22222222222339,0.20460784313729619,0.20773302955170025,-0.02005749816139676,0.0,0.0,-1.3067581837381321,-1.3588390501319276,2.3195347245980065,-3.7461380020597455,1
14:29,0.1546742220597441,0.09002231441287072,-0.20742140678132365,0.06942063202523305,0.2770331927827426,-0.011827668020920204,-0.023156097723060914,-0.038272535730784894,0.004330404588736812,23.802875751766344,22.737874609309785,0.016129032258003884,-0.005983542899352323,-54.67660786809559,0.05649999999999977,96.8994140625,45.17353319020017,0.2709686538202464,-14.123887600207837,51.15952633478837,26.31578947368303,-73.68421052631697,-0.07225490196080386,-0.1602992252204175,-0.020065547455020493,0.033442579091707156,0.0,-1.3463569165786828,-1.3984168865435387,2.278481012658217,-3.784757981462425,-1
15:29,0.10961457162621605,0.11313605330209428,-0.08239216178777693,0.2216530773948948,0.3038336784014394,-0.01643256266234433,0.013860876830661334,0.032329244045885254,0.004613503363334909,23.008586114881755,18.260372973840262,0.29940119760480444,0.017008553531523703,102.76679841895485,-0.0665000000000191,49.2586968025882,52.67176366438867,0.7220842019589324,19.31599679799389,58.494478148029586,64.58333333333519,-35.41666666666482,0.1728431372549153,0.20815148056133906,-0.06026920243755669,0.0,0.006701065469422588,-1.5047518479408666,-1.5567282321899638,2.1142661648990786,-3.9392378990731234,-1
10:29,0.26375151489272763,0.1613960717797999,-0.5423377326076215,0.21612050934526325,0.7596973737918752,-0.10103985396302795,-0.15292981928593782,-0.16345995873322527,-0.03602701083008508,18.84543567604233,38.16365311246809,0.02723735408561223,-0.023944953108650944,-44.08896788368634,0.18600000000000705,43.21486007572817,41.877682255800444,0.0,-16.201797736364405,32.78454968132365,0.0,-100.0,-0.1689215686274963,-0.3097643097643151,-0.15512241181629335,0.04046671612598791,0.0,0.16238159675235497,-0.9235711417480896,-1.5233153728464182,-3.4500750016304838,1
11:30,0.21030864370164604,0.13632678386679556,-0.359819411276624,0.012055355702335253,0.3725225166849347,-0.051149129735445886,-0.09439174624633924,-0.15494297597355008,-0.008289646624537489,13.512318384282695,35.44286378087963,-0.31460674157300883,-0.017267247257318853,-140.7086650835671,0.1314999999999884,20.01567726294666,35.942878203900065,0.1690543074292016,-30.314968769772012,45.69122454480654,5.882352941176799,-94.1176470588232,-0.18254901960787606,-0.24919181034481153,-0.040494027130980534,0.0,0.013505300830582911,0.2097428958051436,-0.8767233302101284,-1.4767511474755528,-3.4044218352572875,-1
12:29,0.25806869023956086,0.15699610921854054,-0.11778474019887278,0.4251998190095286,0.5421512318900076,0.13093112603446347,0.15931889330583465,0.22557873184950464,0.02729162879801971,46.20454481476327,17.026667157563185,0.08130081300814829,0.0004034941627515841,82.41368183284763,0.38900000000001,87.51220703125,66.66029445278983,0.40274045984940454,15.6592431180397,53.28056406704629,75.67567567567505,-24.324324324324948,-0.014313725490211482,0.013341338136221887,0.09346418318980892,0.04001867538184638,0.0,1.4411366711772633,-0.10660270504363821,-0.2660812878334369,-2.217439509554559,1
13:29,0.3328285009352805,0.10402395410082348,-0.8264148944085905,-0.025628690353601234,0.8042123238114405,-0.11383597745359571,-0.22919198200823343,-0.3333954812888483,-0.03480225910695295,19.00616488992458,50.86831685359275,-0.6418918918918448,-0.048972301466832076,-166.40672679189763,0.12700000000000955,0.03662109375,18.813685662628103,0.0,-70.67027635169316,16.796796796798937,0.0,-100.0,-0.4798039215686458,-0.5909302171170671,-0.0867534200867504,0.0,0.0,1.299052774018936,-0.6766618017779025,-0.4057739639459945,-2.3543990086741107,-1
14:29,0.13911530532270105,0.1501151093885487,-0.011252754015893464,0.5903892044320133,0.5999048246941024,0.07512748401316136,0.15590590875129157,0.2298018916156085,0.023109106810656574,37.95156205880448,24.59219485121665,0.4682926829268371,0.03612908898727025,157.0323764582597,-0.07149999999998613,99.34734043917909,62.7461797762875,0.9846519646155248,29.460550022463917,78.68436163457895,100.0,-0.0,0.3649019607842945,0.41143936328073233,0.03359763472652289,0.0,0.03360892653087514,0.7239512855209697,-1.2405466365928117,-0.9711967005920361,-2.9087588860627456,1
15:29,0.3743139818697815,0.11982526313448541,-0.8279379573308373,-0.09579262329945552,0.7355425497642418,-0.18984789907003863,-0.29580827034492274,-0.4116707372610668,-0.038465140893720745,15.489989423775638,56.65637059438146,-0.8026315789473586,-0.0375329628367171,-196.4465980214015,0.17000000000001592,10.9619140625,18.354377504359377,0.0,-67.51536738074199,22.41894129573503,0.0,-100.0,-0.38617647058822513,-0.6233243967828274,-0.10106454655705248,0.0,0.0,0.3179972936400533,-1.6385829905798055,-1.3703186323421819,-3.3000717406900164,-1
10:29,0.1336448727975429,0.11701982160173942,-0.14213604030843408,0.10909276351880408,0.25127031780053866,0.028625428287444115,0.02228781160280358,0.01783783467377082,0.008688546728034381,29.44680639499139,26.26497837599611,-0.3862068965517166,-0.005551778053158149,-25.104602510461646,0.014999999999986358,78.63069870926965,52.8853032582207,0.6752855290797014,-1.5608352066608637,53.32710355738062,47.826086956526844,-52.173913043473156,-0.07362745098041046,-0.04002134471716506,-0.013344008540153331,0.0,0.006673340006686238,0.19388914889350836,-0.1665445340083938,-0.9452045739969452,-0.2130776401651306,-1
11:29,0.06763235818535515,0.0628661535831822,-0.07477206995452329,0.13171710653285337,0.20643040055382456,-0.006766684362871312,-0.002183942711568788,0.0019112500727349283,-0.0030209038173153423,29.60730392168241,30.486708530739108,0.3012048192772717,0.002579263225907742,55.032925682036954,0.04249999999998977,0.8234520662154095,49.74670804826774,0.6704826178574331,8.891870209941116,38.81845558626667,61.53846153846238,-38.46153846153762,0.04999999999998295,0.09350163627864476,-0.04668534080298332,0.0,0.006672894701715537,0.20057498161396764,-0.15988275264806415,-0.9385947518011682,-0.2064189639099762,1
12:30,0.06840167631869519,0.07075317061979672,-0.03240920609540792,0.17953655382834818,0.21178995944870532,0.03237154329073586,0.0484166691967378,0.06221109778431105,0.009638997206463225,40.163222585710656,25.909417460635154,0.0666666666666631,0.00482431743927894,123.98718673450016,0.010499999999979082,88.671875,57.35367815779446,0.7169787861322304,13.386587401374236,49.9069101324774,70.96774193548949,-29.03225806451051,0.06872549019604435,0.05316674420151027,0.0,0.013284623048808905,0.013286388095403064,0.655211606605615,-0.019922964537123878,-0.4891268424879244,0.24637102144094056,-1
13:32,0.05354476474092691,0.05834305282141056,-0.08583871455571591,0.020043831236920925,0.10591738990418773,-0.022021412655764475,-0.027444130537957984,-0.0336519973644743,-0.003944879015447934,33.98357582216484,45.333001458851534,-0.28205128205126995,-0.0014279323510539388,-132.8249126152535,0.02050000000002683,46.36808641762582,43.8668369835045,0.23568298464402998,-3.6495494732145377,39.290827914058674,29.411764705874486,-70.58823529412551,-0.030490196078432064,-0.03325794864973485,0.03328008519700675,0.0,0.0,0.4813799558735033,-0.2190944097729468,-0.6609822195782934,0.07324543880675537,-1
14:31,0.08617675102121108,0.05766854449136268,-0.04871693623892419,0.1556635066599935,0.20427121237092355,0.0198215829008163,0.02660474976569539,0.038506526540130634,0.0014798058397769934,46.91041117522816,30.89088486045509,-0.08974358974365704,0.0016563277014403942,88.29787234042205,0.0,86.86515568541054,56.14380980165482,0.6733113249085173,8.643668291874997,49.51103531748331,73.07692307691677,-26.92307692308323,0.04490196078430131,0.0867534200867504,0.0,0.0,0.0,0.27411914153907646,-0.4249103704687391,-0.8658867076475658,-0.13317352510322084,-1
15:31,0.03447032457564478,0.05359130774838012,0.0007887350696253854,0.1150349388333551,0.11418007998197949,0.03194292885719794,0.04477334761570103,0.08013422450718591,0.001041680923341809,51.79071217791588,10.77060677215564,-0.07352941176468308,0.003316522432195,162.6923727379464,-0.09299999999998931,50.78125,72.2532331482801,0.8929280936631993,32.428128658269664,47.017831522855076,85.71428571428571,-14.285714285714286,0.030686274509804434,0.07985094490285104,0.0,0.0,0.0066493782831433795,0.5549241157986311,-0.14606293984862492,-0.5882741754246721,0.14649087761352966,0
10:29,0.12533037427054727,0.09871401447955373,-0.2316813742945875,-0.02685119529904914,0.20509529806764337,-0.06441887375847821,-0.09189366423988422,-0.10872093117287691,-0.01462884522266968,19.50636976212427,35.96842245175563,-0.02027027027031003,-0.01001217864640256,-211.95717550824216,0.007000000000005002,25.795690676229956,39.57901072452238,0.0,-17.873853886966568,30.17738150628438,0.0,-100.0,-0.08176470588236384,-0.13405724244251535,-0.10057663939920695,0.0,0.0,0.5534183707903231,-0.24104452628053918,-0.9177362505818949,1.6372194556245347,-1
11:33,0.14954198125121757,0.0698749877062318,-0.2648403484910758,0.04282976973977467,0.30801202787370346,-0.02308173012253334,-0.05020823516674657,-0.08962925781394464,-0.00014864967990946276,21.321235148406966,47.61586342267321,-0.33628318584069683,-0.01197153441828187,-114.05272564789435,0.13500000000001933,44.47637237278761,37.038825426451574,0.24100358002841474,-27.685425910305426,33.70460462946525,15.909090909089441,-84.09090909091056,-0.12784313725487095,-0.2020746328977579,0.0,0.0,0.0,-0.006749004521826891,-0.7967860729829246,-1.4697080534681173,1.0710143938877095,1
12:33,0.025350662921163322,0.042822611775156436,-0.12381500425610739,0.18213418762551326,0.3058600043532244,-0.02625809965113054,-0.018660782068415996,0.016951890792952763,-0.015340343941378301,49.62282667828829,31.386272955373567,0.2881355932202818,0.004981881707040487,25.52971576227664,-0.12699999999998113,1.513671875,57.20440607477161,0.20005857259063517,27.561463493257527,28.353510895877687,58.06451612902487,-41.93548387097513,0.06578431372551563,0.09423801830909152,0.0,0.0,0.0,0.3576972396571514,-0.4352192835621062,-1.1105938684578147,1.4393887714032234,-1
13:32,0.06262762588390922,0.05234346125724668,-0.09711148247130547,0.06493566684478057,0.1620732235068738,-0.0217887236356342,-0.022188726332664627,-0.004915161027069458,-0.008062792207755989,38.073945947591845,37.17806495437792,-0.02941176470581841,0.0003687469150990243,-45.267489711939646,0.11599999999998545,21.923828125,51.18354811989968,0.0,4.157325321578402,46.3189623675587,0.0,-100.0,-0.005784313725484935,-0.0807156790206337,0.0,0.0,0.0,0.25646217182967124,-0.5356545028456531,-1.2103478087384407,1.3370625554267057,1
14:36,0.0515875458831577,0.0637660932561673,-0.05903803687139042,0.15849283821252655,0.2174227563986936,0.01440546484177342,0.022656558415575134,0.05042335349762486,-0.005453641569746898,53.778021755603866,29.48438100746135,0.09523809523810967,0.0033595279892633476,59.85552115582449,-0.015999999999991132,11.814169873434697,58.731897892849865,0.31019538290403803,9.98444757373928,46.892393320965695,57.6923076923119,-42.3076923076881,0.007058823529405345,0.03351431061063836,0.03351431061063836,0.006700616456707923,0.006703311435843213,0.7221434838361488,-0.07365249414126898,-0.7514796834474932,1.807763148918757,1
15:31,0.11444521044371914,0.06538183276315654,-0.1117725637520317,0.12478688919431011,0.2365440606394088,-0.0012616048413573021,0.009892029322672783,0.005074260994567764,0.011329174135047027,39.480098748664524,41.152883943993764,-0.3225806451612596,0.005019636172731395,5.203252032526655,0.02950000000001296,68.15519654822174,49.68432185558662,0.7286529934205037,5.7258668280315534,54.24672102091533,58.333333333333336,-41.666666666666664,0.030098039215687322,-0.053586978364246834,0.0,0.0,0.0,0.7018964702706489,-0.22067674200881646,-0.7714304715036221,1.7872979057234495,1
10:29,0.10036907451223953,0.11752476021523195,-0.08389521831410254,0.11876628318284257,0.20262617254491055,-0.013411502257633007,0.0001300147308717601,0.0028116568906494622,0.004526808608115301,22.67399945337088,29.919907677195695,0.060402684563743536,0.007908752964699471,28.305400372456972,0.12600000000000477,49.21875,49.73392436903659,0.5175046026076696,9.303870762264816,58.54468716691681,55.555555555554676,-44.444444444445324,0.06970588235293462,-0.006664889362830516,0.0066657778962744335,0.0,0.0,-0.12648116096391807,-0.5040122024006837,-1.9027069438995663,-1.41927853341218,-1
11:34,0.17891735759056238,0.07111489705804219,-0.352578691516106,-0.005295066248109884,0.3479061576880017,-0.06491580192886312,-0.1186873156944088,-0.16923600611295214,-0.022982055553857142,16.78749868367718,51.88879687308652,-0.866666666666631,-0.021799592821634732,-175.15070328197902,0.05099999999998772,0.0,25.61980652972072,0.0,-53.84240762496011,24.67796092796127,1.999999999998181,-98.00000000000182,-0.23568627450981694,-0.2264402264402287,-0.03336447350861562,0.0,0.006675567423224903,-0.27293303155371895,-0.649910471516672,-2.046554204263107,-1.5638346803337904,1
12:29,0.08949300318056613,0.06424887276925365,-0.21544516867246086,0.039372632976684044,0.25504233139914095,-0.06096581554232447,-0.08385564147648053,-0.08912545588307788,-0.01911488926203897,22.422458999093962,44.458701957271835,0.0,-0.008768431475944952,-78.9173789173765,0.018000000000000682,0.0,37.882867755586915,0.0,-21.84367623767489,32.761713424694186,0.0,-100.0,-0.06941176470587607,-0.12023244940218208,-0.08018710324089846,0.0,0.0,-0.4593263213952854,-0.8355991776642954,-2.229632535634887,-1.747815230961296,0
13:31,0.025654472574121623,0.05230746771362244,-0.08434710924195879,0.14068323406365496,0.22496697446784183,-0.013847450957995562,-0.006273052789053401,0.020056483859770248,-0.007194584824490896,29.042507835453694,23.289816769811036,0.2027027027027235,0.003526231071683135,49.448912719701795,0.02200000000001978,2.6150456761430165,56.440197717807685,0.0,19.839972050555033,43.38634338634788,49.99999999999112,-50.00000000000888,0.05421568627454576,0.05342593829303064,-0.033362247280984435,0.0,0.0,-0.2662761283450977,-0.643278732011406,-2.040015692428406,-1.557263946382814,0
14:30,0.07251168269785223,0.05726351721444007,-0.00597474925476801,0.2222617065829528,0.227989899629259,0.04146442894232843,0.07646617707243876,0.0969634994781502,0.021950814118699084,46.13996759450287,19.294610723760684,0.38271604938267445,0.01380262296440316,186.19975524806074,-0.01849999999998886,99.21875,63.3159367706629,0.8569474332079395,30.659346156031464,68.18853467313114,86.11111111111528,-13.888888888884722,0.1190196078431427,0.0936204360037547,-0.006680472977480731,0.0,0.006681365671156096,-0.35947277326587146,-0.7361230850852081,-2.1315548581142876,-1.6492542216965576,-1
15:29,0.07459957085557994,0.054312243935924376,-0.14971804638198963,0.025108246749374386,0.17493528638629036,-0.02428021390875976,-0.046632058737117794,-0.06401468018865507,-0.011700128244182775,26.979253731886864,37.29482141417778,-0.13924050632910157,-0.009463402025024515,-104.40735986308889,0.05699999999998795,0.390625,35.359218623369884,0.06317972633130696,-32.019913357158956,36.71412935593713,11.538461538462379,-88.46153846153761,-0.08147058823530529,-0.06037027099544097,-0.0268402335100262,0.0,0.0,-0.8187990946611567,-1.1937131109489907,-2.5827121747090285,-2.1026348643143367,-1
10:31,0.03929243515324647,0.06832982719445753,-0.04736143002231948,0.24122368871370392,0.28830566080303943,0.018021203393231155,0.04316328170071984,0.1001316845205239,-0.007261131719886224,50.93840597748611,25.209450929267152,0.464285714285683,0.011233247137582614,101.57932519741442,-0.07550000000000523,6.0546875,66.79699649712175,0.43630754300602476,35.406373473876585,66.56790260201385,83.78378378378336,-16.21621621621663,0.09372549019607845,0.17416934619506358,0.020065547455020493,0.006687174000280412,0.0,0.2816523605150131,-0.033424694164055996,-0.8684123301292691,-0.4725457570715528,1
11:30,0.1366401531995217,0.04582843080442152,-0.2020695434060818,0.02749292683996348,0.2297630265049414,-0.011866609470359942,-0.037798001914965046,-0.07684756859222262,-0.0016166658027041286,15.5177634363213,47.13514733804883,-0.41176470588225944,-0.011475963302755198,-126.87738175297757,0.09899999999998954,56.04619111832226,26.25614138711437,0.07206445686004675,-53.232435735102676,33.407851329510464,9.375000000000556,-90.62499999999945,-0.1256862745098033,-0.19332044530364112,0.02004141893246118,0.0,0.0,0.40236051502145537,-0.24651875541342166,-0.7490884985084492,-0.352745424292846,-1
12:30,0.06532953961649818,0.05450218811582409,-0.015367301131885431,0.26145848588339843,0.2764855836909977,0.034122931610040784,0.06185763164174932,0.08607436166159002,0.006359270747676289,46.480385554759344,28.965697409384845,0.21126760563380853,0.011788809825110888,133.2082551594556,0.03299999999998704,93.80975656692382,63.615371248239704,1.0,32.93720600912323,65.65902784287827,94.28571428571126,-5.714285714288731,0.1397058823529278,0.15445571150358592,0.020119374958066337,0.013410218586569822,0.0,0.013412017167369776,-0.6329535611966267,-1.1335764003977515,-0.7387687188020058,-1
14:31,0.14354555371871638,0.048875192597216295,-0.20433943106489025,0.055241708309782,0.25977479852912155,-0.0020064058295253375,-0.021963522599207305,-0.05497556082405381,0.003397185323946117,25.518202319017192,37.15891122621352,-0.13235294117648533,-0.009320912099533826,-75.18608869706414,0.039500000000003865,81.86583244149969,37.226952618643615,0.3403180702655606,-34.22349943797157,41.82833972749661,17.3913043478234,-82.60869565217659,-0.10098039215685617,-0.10139931048469253,0.006767273465514587,0.03383407768305006,0.0,-0.8986051502145944,-1.5390765540675608,-2.035134239310569,-1.643926788685523,1
15:29,0.08070737117492711,0.07648121388860363,-0.12299478801693951,0.04489907832054742,0.16795945090007822,-0.024449877100943825,-0.03351671919764188,-0.024849617259318054,-0.011074295822361333,35.03790105231783,37.312282267672025,-0.04424778761060566,-0.0032127521810910763,-44.8888888888645,-0.007999999999981355,5.2978515625,48.19442660950539,0.0,-3.7663112662405083,51.916192357147104,15.384615384622112,-84.61538461537789,-0.05156862745096191,-0.1213019745265708,-0.04046671612598791,0.0,0.0,-0.6102467811158775,-1.2525817842627727,-1.7500828637719499,-1.357737104825286,-1
10:33,0.09040819520540541,0.09540109764975753,-0.12113219094860286,0.7026939346965109,0.8214375423974305,0.028613774510064173,0.10420347214256637,0.1962022225518882,0.0033175103830407338,52.853701118242704,23.250630804237677,0.6083333333333687,0.03453402621654815,111.54094132817559,-0.07900000000000773,47.65625,68.47308578346663,0.8915448121933649,53.661733651020235,69.98632963259675,92.85714285714518,-7.142857142854822,0.3791176470588198,0.40964340877040745,0.0,0.0,0.0,2.961024652251764,-0.0267451190157743,-1.3199577613516367,-0.24684768830474094,-1
11:36,0.040810521274537014,0.059497752020301,-0.02162239310125515,0.2584135250538616,0.2797047601213085,0.03756114280845661,0.06276278381679447,0.09636937152194912,0.004168420185218041,53.472665486677876,20.779954114603377,0.130952380952426,0.009694161007820688,124.51361867705984,0.03650000000001796,78.11082838543479,66.39463079314513,1.0,37.08088775804247,51.23239993671704,100.0,-0.0,0.10460784313727345,0.17421602787455834,0.02007091724091867,0.0,0.006690753378824371,2.947252444566865,-0.053483085974069054,-1.3331573389651599,-0.26019080659149135,1
12:36,0.020796873139572285,0.05827725562551385,-0.0909318186854906,0.4081754801245893,0.49831685948478105,0.021448993484592685,0.060439126902033784,0.13244649124372004,-0.0028870869873088706,60.43078694950611,21.541776064680192,0.7790697674418704,0.015490544369720473,98.3328439528812,0.03649999999998954,70.926743391798,72.56355816043221,0.6687330147832449,46.406078401054444,65.45971101618788,93.6170212765955,-6.382978723404513,0.1772549019607652,0.22730311538974127,-0.02000666888963064,0.0,0.0,3.236468805949586,-0.02000666888963064,-1.0559662090813244,0.02001467743011618,-1
14:33,0.1976080209074788,0.07733935237611857,-0.06921482972487339,0.1968675209702661,0.26591262838189406,0.052509329652594694,0.0652707664423439,0.043287667646227386,0.0186969743231939,32.92868942836138,36.727223700413525,-0.21698113207548253,0.00443376535453802,67.45098039213937,-0.1150000000000091,73.3704586141159,52.002226939814534,1.0,3.972187430571906,59.05537858367883,96.29629629628928,-3.703703703710721,0.021176470588244456,0.16095499966466412,0.020091079560675823,0.006695681285583748,0.0,2.843960886930172,-0.4001333777925937,-1.4321541710665364,-0.36026419374207225,1
15:30,0.013996834489409691,0.051045826460031876,-0.07287037110599742,0.17498495934882538,0.24772884680888402,0.0012265339502140046,0.012324673301276299,0.0461090989297587,-0.006321873943349279,43.75245287661857,17.732818647540142,0.19696969696969113,0.004278506677145461,72.11811470754554,0.026499999999998636,0.38072586865367897,65.63075858560387,0.2695862636191045,33.39129657585218,49.25643228615564,73.33333333333965,-26.66666666666035,0.055784313725496304,0.05989219405071099,-0.013299640909683342,0.0,0.0,3.539457375017226,-0.013299640909683342,-0.7655755015839469,0.31356327973849313,-1
10:29,0.1099391770017352,0.08735927747027136,-0.29673462176730653,0.3342411691927732,0.6308574845292686,-0.01303019836210156,-0.02242109043768828,0.01874711686051414,-0.025109833557865543,36.92251916592344,29.188001190079977,0.30172413793106967,-0.006709840709781763,9.459314199714317,0.29699999999999704,0.0,54.621326286726564,0.08740431255194289,1.3775989898696344,28.93943636037891,10.256410256408575,-89.74358974359143,-0.05441176470588971,-0.09197818802970552,0.01973164956590446,0.019727756954035076,0.0,2.576728499156825,-0.17723513194171603,2.8890392422192024,0.6486200277979944,-1
11:34,0.12035046508415184,0.061225741895117966,-0.07920129873174753,0.09450781997233765,0.17369582530988764,0.006546331886421392,0.01116202668483723,0.003155538463047457,0.004736419034465198,39.17627017317955,40.91394344202147,-0.12000000000000455,0.003042351373841637,10.319917440650942,-0.1384999999999934,50.411359911026956,49.19886021551222,0.8758173724046,-4.96137029098362,50.58225108225471,65.2173913043532,-34.7826086956468,0.017450980392169413,0.03954913980621071,0.0,0.0,0.0,2.374367622259703,-0.3741630563213819,2.686062246278754,0.45006287643127063,-1
12:33,0.051485819972458005,0.053745349096476644,0.01742317321175865,0.15448349655098975,0.13694261659339527,0.05631724139165277,0.07484736393541143,0.08492579011678479,0.015742960379110993,50.33709064267673,36.987590816735214,0.06410256410254456,0.00586078179726688,215.3665344497946,0.0005000000000165983,97.021484375,63.50918101415163,1.0,20.37663926118688,69.10336040770765,100.0,-0.0,0.05519607843137919,0.08557698637350765,0.026315789473678974,0.0,0.0,2.556492411467111,-0.1969279243796845,2.868741542625156,0.6287643126613202,-1
13:34,0.10533666619004356,0.07378516857288253,-0.05194154114484395,0.12805493027969464,0.17992799677636412,0.006045893642585447,0.012535686282561605,0.009583603931003,0.002106574706293442,27.955210524561476,30.4235802818336,-0.09523809523809135,0.002783940649810923,53.57142857141483,-0.04249999999998977,90.24090035087065,49.92774246516315,0.6320892583703158,4.439713464837193,46.03552532123434,52.17391304347611,-47.82608695652389,0.0230392156863104,0.026414845142965094,0.026414845142965094,0.0,0.0,2.1720067453625624,-0.5710909807010665,2.4830852503382865,0.25150572506452806,-1
14:29,0.2640193834597541,0.16094032713478115,-0.3593895603103633,0.0022581636551370398,0.36229465795147503,-0.09850883001574537,-0.14717911757388585,-0.225717261707023,-0.0185618612039245,15.154412198741957,33.971772356600866,-0.125,-0.0166410203625918,-162.3376623376662,0.11100000000001842,22.49953087276122,33.71537910651925,0.19113907767396088,-28.65157613614231,34.06074045779977,0.0,-100.0,-0.12803921568627175,-0.29228112129666384,-0.04661383765065804,0.0,0.0,1.2478920741989843,-1.4703951687015946,1.5561569688768488,-0.6552385995102318,1
15:29,0.049620650026808454,0.11816569538163524,-0.21448082675761324,0.6050219093055085,0.8179056073565265,0.006908105804560844,0.04804289405140791,0.15197765310917588,-0.021875957970051874,35.17035300588059,16.93094838615224,0.8378378378379074,0.017897329866780044,66.23266345881534,0.0030000000000143245,0.0,67.6805240439839,0.4873725041188095,37.40278132138951,60.71529644827923,86.07594936708674,-13.924050632913259,0.22009803921568505,0.3573792190602198,0.0,0.0,0.019787612954272615,2.2866779089375964,-0.4594984902192576,2.598105548037872,0.36402144417233634,-1
10:29,0.1099391770017352,0.08735927747027136,-0.29673462176730653,0.3342411691927732,0.6308574845292686,-0.01303019836210156,-0.02242109043768828,0.01874711686051414,-0.025109833557865543,36.92251916592344,29.188001190079977,0.30172413793106967,-0.006709840709781763,9.459314199714317,0.29699999999999704,0.0,54.621326286726564,0.08740431255194289,1.3775989898696344,28.93943636037891,10.256410256408575,-89.74358974359143,-0.05441176470588971,-0.09197818802970552,0.01973164956590446,0.019727756954035076,0.0,2.576728499156825,-0.17723513194171603,1.6714581801163337,-1.2532467532467577,-1
11:34,0.12035046508415184,0.061225741895117966,-0.07920129873174753,0.09450781997233765,0.17369582530988764,0.006546331886421392,0.01116202668483723,0.003155538463047457,0.004736419034465198,39.17627017317955,40.91394344202147,-0.12000000000000455,0.003042351373841637,10.319917440650942,-0.1384999999999934,50.411359911026956,49.19886021551222,0.8758173724046,-4.96137029098362,50.58225108225471,65.2173913043532,-34.7826086956468,0.017450980392169413,0.03954913980621071,0.0,0.0,0.0,2.374367622259703,-0.3741630563213819,1.470883198502385,-1.4480519480519416,-1
12:33,0.051485819972458005,0.053745349096476644,0.01742317321175865,0.15448349655098975,0.13694261659339527,0.05631724139165277,0.07484736393541143,0.08492579011678479,0.015742960379110993,50.33709064267673,36.987590816735214,0.06410256410254456,0.00586078179726688,215.3665344497946,0.0005000000000165983,97.021484375,63.50918101415163,1.0,20.37663926118688,69.10336040770765,100.0,-0.0,0.05519607843137919,0.08557698637350765,0.026315789473678974,0.0,0.0,2.556492411467111,-0.1969279243796845,1.6514006819549367,-1.272727272727278,-1
13:34,0.10533666619004356,0.07378516857288253,-0.05194154114484395,0.12805493027969464,0.17992799677636412,0.006045893642585447,0.012535686282561605,0.009583603931003,0.002106574706293442,27.955210524561476,30.4235802818336,-0.09523809523809135,0.002783940649810923,53.57142857141483,-0.04249999999998977,90.24090035087065,49.92774246516315,0.6320892583703158,4.439713464837193,46.03552532123434,52.17391304347611,-47.82608695652389,0.0230392156863104,0.026414845142965094,0.026414845142965094,0.0,0.0,2.1720067453625624,-0.5710909807010665,1.2703082168884172,-1.6428571428571435,-1
14:29,0.2640193834597541,0.16094032713478115,-0.3593895603103633,0.0022581636551370398,0.36229465795147503,-0.09850883001574537,-0.14717911757388585,-0.225717261707023,-0.0185618612039245,15.154412198741957,33.971772356600866,-0.125,-0.0166410203625918,-162.3376623376662,0.11100000000001842,22.49953087276122,33.71537910651925,0.19113907767396088,-28.65157613614231,34.06074045779977,0.0,-100.0,-0.12803921568627175,-0.29228112129666384,-0.04661383765065804,0.0,0.0,1.2478920741989843,-1.4703951687015946,0.3543491341846635,-2.5324675324675363,1
15:29,0.049620650026808454,0.11816569538163524,-0.21448082675761324,0.6050219093055085,0.8179056073565265,0.006908105804560844,0.04804289405140791,0.15197765310917588,-0.021875957970051874,35.17035300588059,16.93094838615224,0.8378378378379074,0.017897329866780044,66.23266345881534,0.0030000000000143245,0.0,67.6805240439839,0.4873725041188095,37.40278132138951,60.71529644827923,86.07594936708674,-13.924050632913259,0.22009803921568505,0.3573792190602198,0.0,0.0,0.019787612954272615,2.2866779089375964,-0.4594984902192576,1.3839673731363196,-1.5324675324675412,-1
